name,latency_s,tokens_generated,tokens_per_s,peak_mem_gb,reference,prompt,output
validation-0,2.610,88,33.72,0.887,positive,"Review: harrison 's flowers puts its heart in the right place , but its brains are in no particular place at all . 
Is the sentiment positive or negative?","The sentiment of ""harrison's flowers"" is generally considered to be negative. The phrase ""put its heart in the right place"" suggests that Harrison is passionate about something, but the next sentence immediately contradicts this by saying that his brains are not in any particular place. This implies that Harrison is not fully engaged with the subject matter and may not have a genuine interest in it. Overall, the sentiment is one of disappointment or dissatisfaction."
validation-1,2.790,92,32.97,0.887,positive,"Review: this flick is about as cool and crowd-pleasing as a documentary can get . 
Is the sentiment positive or negative?","The sentiment of the review is positive. The reviewer describes the film as ""cool"" and ""crowd pleasing,"" indicating that they found it to be entertaining and enjoyable. They also mention that the film has a ""documentary-like quality,"" which suggests that it captures the essence of its subject matter in a way that is engaging and informative. Overall, the language used in the review is positive and conveys a sense of satisfaction with the film's entertainment value."
validation-2,2.902,96,33.08,0.888,positive,"Review: a movie that successfully crushes a best selling novel into a timeframe that mandates that you avoid the godzilla sized soda . 
Is the sentiment positive or negative?","The sentiment of this review is generally positive. The reviewer describes the movie as ""a movie that successfully crushed a best-selling novel into a timeframe that mandates that you avoid the godzilla-sized soda."" This suggests that they enjoyed the movie and found it to be engaging and entertaining, despite its limitations in terms of staying true to the original novel's themes and characters. Overall, the language used in the review is descriptive and enthusiastic, which helps to create a positive impression of the film."
validation-3,2.514,93,36.99,0.887,negative,"Review: and that leaves a hole in the center of the salton sea . 
Is the sentiment positive or negative?","The sentiment expressed in the review is negative. The reviewer describes the Salton Sea as having a ""hole"" in its center, which suggests dissatisfaction with the area's conditions or amenities. Additionally, the use of the word ""left a hole"" implies that the reviewer feels that the Salton Sea has been negatively impacted by some aspect of its environment. Overall, the language used in the review is critical and conveys a strong negative sentiment towards the Salton Sea."
validation-4,3.001,94,31.32,0.888,positive,"Review: a simple , but gritty and well-acted ensemble drama that encompasses a potent metaphor for a country still dealing with its fascist past . 
Is the sentiment positive or negative?","The sentiment of this review is positive. The reviewer describes the film as ""simple,"" ""gritty,"" and ""well-acted,"" which suggests that it has a strong and engaging story. Additionally, the use of a metaphor for a country still dealing with its fascist past indicates that the film has a message that resonates with many viewers. Overall, the language used in the review is positive and conveys a sense of hope and optimism about the future of the country."
validation-5,2.485,73,29.38,0.885,positive,"Review: the magic of the film lies not in the mysterious spring but in the richness of its performances . 
Is the sentiment positive or negative?","The sentiment of the review is positive. The reviewer describes the film as ""magical"" and ""rich,"" which suggests that they enjoyed it for its performances. They also mention that the film's mystery is not the main focus, but rather the richness of its performances. Overall, the language used to describe the film's strengths is positive, indicating a favorable opinion."
validation-6,2.268,68,29.98,0.886,negative,"Review: combining quick-cut editing and a blaring heavy metal much of the time , beck seems to be under the illusion that he 's shooting the latest system of a down video . 
Is the sentiment positive or negative?","The sentiment of this review is negative. The reviewer expresses dissatisfaction with the combination of quick-cut editing and a loud, heavy metal sound, describing it as ""under the illusion"" that the speaker is shooting the latest system of a down video. This suggests that the reviewer has had a negative experience with the music and finds it distracting or overwhelming."
validation-7,2.587,106,40.97,0.888,positive,"Review: seldom has a movie so closely matched the spirit of a man and his work . 
Is the sentiment positive or negative?","The sentiment expressed in this review is positive. The reviewer describes the movie as ""s稠ely matched the spirit of a man and his work,"" which suggests that they found the film to be engaging, thought-provoking, and emotionally resonant with the subject matter. The use of the word ""s稠ely"" also implies that the movie was well-made and well-crafted, which further supports the positive sentiment. Overall, the language used in the review is descriptive and enthusiastic, indicating a strong positive opinion about the film."
validation-8,1.543,54,34.99,0.883,negative,"Review: burns never really harnesses to full effect the energetic cast . 
Is the sentiment positive or negative?","The sentiment of the review is negative. The reviewer expresses dissatisfaction with the film's energy production, stating that ""burns never really harnesses to full effect the energetic cast."" This suggests that the film did not deliver the desired level of excitement and engagement for the audience."
validation-9,3.469,105,30.27,0.889,negative,"Review: nelson 's brutally unsentimental approach ... sucks the humanity from the film , leaving behind an horrific but weirdly unemotional spectacle . 
Is the sentiment positive or negative?","The sentiment of this review is negative. The reviewer describes the film as ""suck the humanity from the film,"" which implies that they found it to be unemotional and lacking in any kind of emotional depth. They also mention that the film leaves behind an ""horrible but weirdly unemotional spectacle,"" suggesting that they did not find it to be enjoyable or engaging. Overall, the reviewer expresses strong dissatisfaction with the film's execution and suggests that it may have been better if it had been more emotionally resonant."
validation-10,1.676,44,26.25,0.883,positive,"Review: yakusho and shimizu ... create engaging characterizations in imamura 's lively and enjoyable cultural mix . 
Is the sentiment positive or negative?","The sentiment of this review is positive. The reviewer describes yakusho and Shimizu as creating engaging characters in Imamura's lively and enjoyable cultural mix, which suggests that they have found something to enjoy about the show."
validation-11,2.176,80,36.76,0.887,positive,"Review: the weight of the piece , the unerring professionalism of the chilly production , and the fascination embedded in the lurid topic prove recommendation enough . 
Is the sentiment positive or negative?","The sentiment of this review is positive. The reviewer expresses strong positive feelings about the piece, the professionalism of the production, and the fascinating topic. They use phrases such as ""unerring professionalism"" and ""lurid topic"" to convey that they found the piece to be engaging and thought-provoking. Overall, the language used is descriptive and conveys a sense of admiration for the work."
validation-12,2.171,89,40.99,0.888,negative,"Review: wince-inducing dialogue , thrift-shop costumes , prosthetic makeup by silly putty and kmart blue-light-special effects all conspire to test trekkie loyalty . 
Is the sentiment positive or negative?","The sentiment of this review is generally positive. The reviewer describes the items as ""wince-inducing dialogue,"" ""thrift-shop costumes,"" and ""prosthetic makeup,"" which suggests that they find them enjoyable and engaging. Additionally, the mention of ""kmart blue-light special effects"" adds an element of excitement and wonder to the experience. Overall, the reviewer seems to be enjoying their time at the store and finding it worth the cost."
validation-13,2.071,82,39.60,0.886,positive,"Review: if your taste runs to ` difficult ' films you absolutely ca n't miss it . 
Is the sentiment positive or negative?","The sentiment of the review is positive. The reviewer describes their favorite film as ""difficult"" and ""absolutely cannot miss,"" indicating that they have a strong preference for it. They also mention that the film is ""one of the most challenging films I've ever seen,"" which suggests that they enjoyed it highly. Overall, the language used in the review is enthusiastic and descriptive, which indicates a positive sentiment."
validation-14,2.662,80,30.05,0.887,positive,"Review: the quality of the art combined with the humor and intelligence of the script allow the filmmakers to present the biblical message of forgiveness without it ever becoming preachy or syrupy . 
Is the sentiment positive or negative?","The sentiment of this review is positive. The reviewer describes the art, humor, and intelligence used in the film as ""combined"" and ""uniquely"" allowing them to present the biblical message of forgiveness without it ever becoming preachy or syrupy. This suggests that they found the film to be effective at conveying the message of forgiveness in a way that was both engaging and thought-provoking."
validation-15,3.731,122,32.70,0.89,negative,"Review: it ca n't decide if it wants to be a mystery/thriller , a romance or a comedy . 
Is the sentiment positive or negative?","The sentiment of the review is mixed, with both positive and negative elements present. The reviewer mentions that they want the story to be ""mystery-thriller,"" which suggests that they are looking for something engaging and suspenseful. However, they also mention that the story could be classified as either a mystery or thriller, which could indicate that they prefer something more action-packed or suspenseful.

Overall, the review seems to have a balance between describing the different aspects of the story and expressing their preferences for the genre. While there may be some dissatisfaction with the story's classification, the overall tone is generally positive."
validation-16,1.545,60,38.84,0.883,positive,"Review: a very well-made , funny and entertaining picture . 
Is the sentiment positive or negative?","The sentiment of this review is positive. The reviewer describes the picture as ""very well-made,"" ""funny,"" and ""entertaining."" These words suggest that they had a good time watching the picture, which is generally a positive experience for someone who enjoys watching movies or other forms of media."
validation-17,1.809,72,39.79,0.885,positive,"Review: overall very good for what it 's trying to do . 
Is the sentiment positive or negative?","The sentiment of this review is positive. The reviewer describes the product as ""very good"" and notes that it ""tries to do something."" They also mention that they found the product ""overall very good,"" which suggests that they were satisfied with its performance. Overall, the language used in the review is positive and conveys a sense of satisfaction with the product."
validation-18,3.455,115,33.29,0.89,positive,"Review: you will emerge with a clearer view of how the gears of justice grind on and the death report comes to share airtime alongside the farm report . 
Is the sentiment positive or negative?","The sentiment of this review is generally positive. The reviewer describes the process of reviewing the justice system as ""clearer"" and ""easier,"" which suggests that they have a more favorable opinion of the work being done. Additionally, the use of the phrase ""death report comes to share airtime alongside the farm report"" implies that the review is focused on the overall effectiveness of the justice system in addressing certain issues, which could be seen as a positive aspect. Overall, the language used in the review is generally upbeat and enthusiastic about the work being done by the justice system."
validation-19,2.355,76,32.27,0.885,positive,"Review: a romantic comedy enriched by a sharp eye for manners and mores . 
Is the sentiment positive or negative?","The sentiment of this review is positive. The reviewer describes the film as ""romantic comedy"" and notes that it has a ""sharp eye for manners and mores."" These words suggest that the film is well-crafted, with a good balance of humor and sensitivity to the characters' emotions. Overall, the reviewer seems to have enjoyed the film and would recommend it to others."
validation-20,1.962,79,40.27,0.887,negative,"Review: while the resident evil games may have set new standards for thrills , suspense , and gore for video games , the movie really only succeeds in the third of these . 
Is the sentiment positive or negative?","The sentiment of this review is negative. The reviewer expresses disappointment that the Resident Evil games set new standards for thrill, suspense, and gore, but ultimately fails to achieve those expectations with the movie. They describe the movie as ""just succeeding in the third of these,"" which suggests that they did not达到 their full potential. Overall, the reviewer feels that the movie fell short of meeting their expectations."
validation-21,2.363,92,38.94,0.888,negative,"Review: the words , ` frankly , my dear , i do n't give a damn , ' have never been more appropriate . 
Is the sentiment positive or negative?","The sentiment of the sentence is positive. The speaker is expressing their strong disapproval of the word ""faintly,"" which they find inappropriate, and is using it to emphasize their point. The use of the word ""my dear"" also adds emphasis to the speaker's opinion, indicating that they value their relationship with the person being addressed. Overall, the sentence conveys a clear and concise message about the speaker's feelings towards the word ""faintly."""
validation-22,1.321,50,37.86,0.885,negative,"Review: while it 's genuinely cool to hear characters talk about early rap records ( sugar hill gang , etc. ) , the constant referencing of hip-hop arcana can alienate even the savviest audiences . 
Is the sentiment positive or negative?","The sentiment of this review is negative. The reviewer expresses dissatisfaction with the way rap music is often used as a backdrop for discussing early records, and suggests that it can alienate listeners who are more interested in the actual content of the songs being discussed."
validation-23,0.901,34,37.74,0.881,negative,"Review: i 'm just too bored to care . 
Is the sentiment positive or negative?","The sentiment of the review is negative. The reviewer expresses boredom and dissatisfaction with their lack of interest in anything, which suggests that they are not engaged with something in particular."
validation-24,1.902,65,34.17,0.888,negative,"Review: though perry and hurley make inspiring efforts to breathe life into the disjointed , haphazard script by jay scherick and david ronn , neither the actors nor director reginald hudlin can make it more than fitfully entertaining . 
Is the sentiment positive or negative?","The sentiment of this review is negative. The reviewer expresses dissatisfaction with the film, stating that both the actors and director, Jay Scherick and David Ronning, cannot make it more than fitfully entertaining. They criticize the script as disjointed and haphazard, and express disappointment in the overall quality of the film."
validation-25,1.799,42,23.34,0.881,negative,"Review: do not see this film . 
Is the sentiment positive or negative?","The sentiment of the review is negative. The reviewer expresses dissatisfaction with the film, stating that they ""do not see this film."" This suggests that they did not enjoy it and would not recommend it to others."
validation-26,3.145,102,32.44,0.889,negative,"Review: his comedy premises are often hackneyed or just plain crude , calculated to provoke shocked laughter , without following up on a deeper level . 
Is the sentiment positive or negative?","The sentiment of this review is negative. The reviewer expresses dissatisfaction with the comedian's premise, stating that it is ""hackneyed"" and ""plain crude,"" which suggests that they found the humor to be offensive or unoriginal. They also mention that the comedian's attempts at provoking shock laughter were ""shocked laughter,"" which further emphasizes their disappointment with the material. Overall, the reviewer feels that the comedian's approach was not well-received and did not provide enough depth or substance for them to enjoy."
validation-27,1.403,55,39.20,0.883,negative,"Review: there 's not enough here to justify the almost two hours . 
Is the sentiment positive or negative?","The sentiment of this review is negative. The reviewer expresses dissatisfaction with the length of time they spent at the place, stating that ""there's not enough here to justify the almost two hours."" This suggests that the experience was unfulfilling and did not meet their expectations."
validation-28,2.429,86,35.40,0.889,negative,"Review: stealing harvard is evidence that the farrelly bros. -- peter and bobby -- and their brand of screen comedy are wheezing to an end , along with green 's half-hearted movie career . 
Is the sentiment positive or negative?","The sentiment of this review is negative. The reviewer expresses dissatisfaction with the film ""Stealing Harvard,"" describing it as evidence of the ""fearless"" brothers Peter and Bobby, and their reliance on screen comedy. They also criticize the film's direction and acting, stating that it is ""wheezing to an end."" Overall, the reviewer feels that the film is not worth watching and would not recommend it to others."
validation-29,1.209,36,29.77,0.881,negative,"Review: that 's a cheat . 
Is the sentiment positive or negative?","The sentiment of ""that's a cheat"" is negative. The word ""cheat"" implies that something is not genuine or authentic, and the speaker is expressing dissatisfaction with it."
validation-30,2.728,81,29.69,0.886,negative,"Review: the film tries too hard to be funny and tries too hard to be hip . 
Is the sentiment positive or negative?","The sentiment of the review is negative. The reviewer expresses dissatisfaction with the film's attempt at being funny and hip, describing it as ""too hard"" and ""try too hard."" They also mention that the film fails to engage with their expectations and leaves them feeling uninterested in what they were hoping for. Overall, the reviewer feels that the film failed to deliver on its promises and left them feeling disappointed."
validation-31,2.169,75,34.58,0.887,positive,"Review: the structure the film takes may find matt damon and ben affleck once again looking for residuals as this officially completes a good will hunting trilogy that was never planned . 
Is the sentiment positive or negative?","The sentiment of the review is generally positive. The reviewer notes that the film's structure, including its ending, seems to be well-executed and satisfying. They also mention that the actors in the cast have returned to their previous roles, which suggests that they are still enjoying the experience. Overall, the review seems to be praising the film's quality and potential for续 stories."
validation-32,1.309,53,40.49,0.884,positive,"Review: altogether , this is successful as a film , while at the same time being a most touching reconsideration of the familiar masterpiece . 
Is the sentiment positive or negative?","The sentiment of the review is positive. The reviewer describes the film ""Altogether"" as ""successful"" and ""most touching reconsideration of the familiar masterpiece."" They also mention that it was a ""most enjoyable"" experience, which further suggests a positive opinion."
validation-33,2.132,81,37.99,0.887,positive,"Review: this is a winning ensemble comedy that shows canadians can put gentle laughs and equally gentle sentiments on the button , just as easily as their counterparts anywhere else in the world . 
Is the sentiment positive or negative?","The sentiment of the review is positive. The reviewer describes the show as ""winning"" and ""showcasing Canadians can put gentle laughs and equally gentle sentiments on the button."" They also mention that it is ""easily accessible"" to viewers from all over the world, which further suggests a positive opinion about the show's quality. Overall, the review is highly positive and recommends the show to others."
validation-34,3.446,104,30.18,0.887,negative,"Review: it 's like watching a nightmare made flesh . 
Is the sentiment positive or negative?","The sentiment of the review is negative. The reviewer describes the movie as ""like watching a nightmare made flesh,"" which implies that they found it to be very disturbing and unsettling. The use of the word ""nightmare"" suggests that the reviewer had a strong emotional reaction to the film, and the phrase ""made flesh"" implies that the movie was so disturbing that it felt like it was real. Overall, the review conveys a sense of unease and discomfort, which is consistent with the sentiment expressed in the text."
validation-35,2.691,92,34.19,0.888,positive,"Review: without ever becoming didactic , director carlos carrera expertly weaves this novelistic story of entangled interrelationships and complex morality . 
Is the sentiment positive or negative?","The sentiment of the review is positive. The reviewer describes the novel as ""expertly weaved"" and ""complex,"" indicating that they found it to be engaging and thought-provoking. They also mention the use of ""entangled inter relationships"" and ""复杂的 morality,"" which suggests that the book has a compelling plot and explores important themes in a way that is both entertaining and thought-provoking. Overall, the review seems to have a positive tone."
validation-36,2.767,104,37.58,0.887,negative,"Review: one long string of cliches . 
Is the sentiment positive or negative?","The sentiment of this review is negative. The reviewer uses phrases such as ""one long string of cliches"" and ""cliches,"" which suggest that the product being reviewed has a repetitive or formulaic feel, and that it lacks originality or creativity. Additionally, the reviewer mentions that they found the product to be ""boring"" and ""annoying,"" which further emphasizes their dissatisfaction with the product's style. Overall, the language used in the review suggests that the reviewer had a negative experience with the product."
validation-37,2.521,75,29.75,0.886,negative,"Review: it 's hampered by a lifetime-channel kind of plot and a lead actress who is out of her depth . 
Is the sentiment positive or negative?","The sentiment of this review is negative. The reviewer expresses dissatisfaction with the plot and the lead actress, describing them as ""out of their depth."" They also mention that the movie is ""hampered by a lifetime-channel kind of plot,"" which further emphasizes their disappointment. Overall, the reviewer feels that the film did not live up to their expectations and was unfulfilling."
validation-38,2.590,78,30.12,0.886,negative,"Review: the longer the movie goes , the worse it gets , but it 's actually pretty good in the first few minutes . 
Is the sentiment positive or negative?","The sentiment of the review is generally positive, with the reviewer stating that the movie ""gets"" better in the first few minutes. However, they also mention that the movie becomes ""awful"" as the story progresses, which could be interpreted as a negative aspect of the film's quality. Overall, the review seems to have a neutral tone, with both positive and negative aspects being mentioned."
validation-39,2.188,86,39.30,0.886,negative,"Review: it 's a cookie-cutter movie , a cut-and-paste job . 
Is the sentiment positive or negative?","The sentiment of this review is negative. The reviewer describes the movie as ""cookie-cutter"" and ""cut-and-paste,"" which suggests that it lacks originality or creativity. Additionally, the use of the word ""job"" implies that the movie is not well-made or engaging, which further contributes to the negative sentiment. Overall, the reviewer expresses dissatisfaction with the film's execution and suggests that it could have been better made."
validation-40,1.443,54,37.42,0.883,negative,"Review: it offers little beyond the momentary joys of pretty and weightless intellectual entertainment . 
Is the sentiment positive or negative?","The sentiment of this review is negative. The reviewer expresses dissatisfaction with the product, stating that it offers ""little beyond the momentary joys of pretty and weightless intellectual entertainment."" This suggests that they found the experience to be unfulfilling and unenjoyable."
validation-41,2.804,98,34.95,0.889,negative,"Review: the film makes a fatal mistake : it asks us to care about a young man whose only apparent virtue is that he is not quite as unpleasant as some of the people in his life . 
Is the sentiment positive or negative?","The sentiment of the review is negative. The reviewer expresses dissatisfaction with the film's portrayal of a young man who appears unimportant and unlikable, despite his potential for good. They suggest that the film fails to make a meaningful connection with the audience and suggests that it may be a missed opportunity to explore the complexities of human nature. Overall, the reviewer feels that the film lacks depth and substance, and they believe that it could have been more impactful if it had taken a different approach."
validation-42,3.386,100,29.53,0.889,negative,"Review: for all the writhing and wailing , tears , rage and opium overdoses , there 's no sense of actual passion being washed away in love 's dissolution . 
Is the sentiment positive or negative?","The sentiment expressed in this review is negative. The reviewer describes the experience as ""writhing, wailing, tears, rage, and opium overdoses,"" which suggests that the person has experienced intense emotions during their love's dissolution. The use of strong language such as ""no sense of actual passion being washed away"" and ""opium overdoses"" further emphasizes the negative nature of the situation. Overall, the review conveys a sense of despair and dissatisfaction with the state of the relationship."
validation-43,1.940,74,38.14,0.885,negative,"Review: expect the same-old , lame-old slasher nonsense , just with different scenery . 
Is the sentiment positive or negative?","The sentiment of this review is negative. The reviewer expresses dissatisfaction with the film, stating that it lacks originality and is simply ""same-old, lame-old slasher nonsense."" They also mention that the scenery is ""different,"" which further emphasizes their disappointment. Overall, the reviewer feels that the film did not live up to their expectations and left them feeling unfulfilled."
validation-44,2.106,80,37.99,0.886,negative,"Review: sacrifices the value of its wealth of archival foot-age with its less-than-objective stance . 
Is the sentiment positive or negative?","The sentiment expressed in this review is negative. The reviewer describes the product as ""less than objective,"" which suggests that they did not find it to be valuable or useful. Additionally, the use of the word ""sacrifices"" implies that the product was taken for granted or unnecessary, which further contributes to the negative sentiment. Overall, the reviewer expresses dissatisfaction with the product's value and purpose."
validation-45,1.741,54,31.02,0.883,positive,"Review: the film is powerful , accessible and funny . 
Is the sentiment positive or negative?","The sentiment of the review is positive. The reviewer describes the film as ""powerful,"" ""accessible,"" and ""funny."" These words suggest that they enjoyed the film and found it to be entertaining and enjoyable. Therefore, the overall sentiment of the review is positive."
validation-46,2.366,72,30.44,0.886,positive,"Review: the inspirational screenplay by mike rich covers a lot of ground , perhaps too much , but ties things together , neatly , by the end . 
Is the sentiment positive or negative?","The sentiment of this review is generally positive. The reviewer describes the film as ""inspirational"" and ""tidy,"" which suggests that they found it to be well-made and well-crafted. They also mention that the film has a strong narrative structure, which could be seen as a positive aspect. Overall, the review seems to have a positive tone."
validation-47,1.990,58,29.14,0.884,positive,"Review: this is a good script , good dialogue , funny even for adults . 
Is the sentiment positive or negative?","The sentiment of the review is positive. The reviewer describes the script as ""good,"" the dialogue as ""funny,"" and the adult content as ""even for adults."" These phrases suggest that the script, dialogue, and adult content are all enjoyable to watch for those who enjoy these elements."
validation-48,2.670,107,40.07,0.89,negative,"Review: ... plays like somebody spliced random moments of a chris rock routine into what is otherwise a cliche-riddled but self-serious spy thriller . 
Is the sentiment positive or negative?","The sentiment of this review is generally negative. The reviewer describes the film as ""spliced random moments of a Chris Rock routine"" and ""self-serious spy thriller,"" which suggests that it lacks originality or creativity. Additionally, the reviewer notes that the film has a ""cliche-riddled but self-serious"" feel to it, which could be seen as a negative aspect of the film's style. Overall, the language used in the review suggests that the reviewer did not enjoy the film and would not recommend it to others."
validation-49,2.359,83,35.18,0.887,negative,"Review: involves two mysteries -- one it gives away and the other featuring such badly drawn characters that its outcome hardly matters . 
Is the sentiment positive or negative?","The sentiment of this review is negative. The reviewer describes the story as involving ""two mysteries,"" which suggests that there may be some level of intrigue or mystery involved in the plot. However, the reviewer also mentions that the outcome of the story is ""hardly matters,"" which implies that the story has little impact on the reader's experience. Overall, the reviewer seems to have had a negative opinion of the story."
validation-50,3.044,98,32.20,0.888,negative,"Review: the result is a gaudy bag of stale candy , something from a halloween that died . 
Is the sentiment positive or negative?","The sentiment expressed in this review is negative. The reviewer describes the product as ""stale candy"" and ""a gaudy bag of stale candy,"" which suggests that they did not find it to be enjoyable or satisfying. Additionally, the use of the word ""halloween"" implies that the reviewer was referring to a specific holiday or event, which further contributes to their negative opinion. Overall, the language used in the review is critical and conveys a strong negative sentiment towards the product."
validation-51,2.072,71,34.27,0.887,negative,"Review: if the movie succeeds in instilling a wary sense of ` there but for the grace of god , ' it is far too self-conscious to draw you deeply into its world . 
Is the sentiment positive or negative?","The sentiment of the review is negative. The reviewer expresses dissatisfaction with the movie's self-consciousness and suggests that it fails to engage deeply with the audience. They also mention that they find the movie too self-conscious, which further contributes to their negative opinion. Overall, the reviewer believes that the movie fails to capture the essence of what makes a good film."
validation-52,2.310,93,40.26,0.888,positive,"Review: an operatic , sprawling picture that 's entertainingly acted , magnificently shot and gripping enough to sustain most of its 170-minute length . 
Is the sentiment positive or negative?","The sentiment of this review is positive. The reviewer describes the opera as ""entertainingly acted,"" ""magnificently shot,"" and ""gripping enough to sustain most of its 170-minute length."" These phrases suggest that the performance was well-received, and the director's attention to detail in capturing the story and characters was appreciated. Overall, the language used to describe the opera is descriptive and enthusiastic, which indicates a positive sentiment."
validation-53,2.168,81,37.37,0.888,positive,"Review: the fly-on-the-wall method used to document rural french school life is a refreshing departure from the now more prevalent technique of the docu-makers being a visible part of their work . 
Is the sentiment positive or negative?","The sentiment of this review is positive. The reviewer describes the use of ""fly-on-the-wall"" as a refreshing departure from the current trend of docu-makers being visible in their work, and notes that it helps to create a more authentic and engaging portrayal of rural French school life. Overall, the reviewer seems to be impressed with the innovative approach taken by the filmmakers to capture the essence of rural schools."
validation-54,2.275,69,30.33,0.885,negative,"Review: you wo n't like roger , but you will quickly recognize him . 
Is the sentiment positive or negative?","The sentiment of the review is positive. The reviewer uses the phrase ""you won't like Roger"" to express their dissatisfaction with the person they are referring to, and then goes on to say that they will quickly recognize them. This suggests that the reviewer has had a good experience with the person in question and would not want to see them again."
validation-55,2.273,68,29.92,0.885,positive,"Review: director of photography benoit delhomme shot the movie in delicious colors , and the costumes and sets are grand . 
Is the sentiment positive or negative?","The sentiment of the review is positive. The reviewer describes the film as ""delicious colors"" and ""grand costumes and sets,"" which suggests that they had a great time watching it. Additionally, the use of the word ""beautiful"" indicates a positive opinion of the film's visual aspects. Overall, the review has a strong positive tone."
validation-56,1.953,73,37.38,0.884,negative,"Review: very bad . 
Is the sentiment positive or negative?","The sentiment of the review is negative. The reviewer uses phrases such as ""very bad"" and ""terrible,"" which indicate strong dissatisfaction with their experience. Additionally, they mention that the service was slow and unhelpful, which further contributes to a negative opinion. Overall, the language used in the review is critical and indicates a strong negative sentiment towards the establishment."
validation-57,1.413,47,33.26,0.884,negative,"Review: at the very least , if you do n't know anything about derrida when you walk into the theater , you wo n't know much more when you leave . 
Is the sentiment positive or negative?","The sentiment of the review is negative. The reviewer expresses disappointment that they will not be able to fully understand Derrida's work without knowing anything about it, and suggests that this will make them feel unprepared for leaving the theater."
validation-58,2.608,83,31.82,0.887,positive,"Review: a difficult , absorbing film that manages to convey more substance despite its repetitions and inconsistencies than do most films than are far more pointed and clear . 
Is the sentiment positive or negative?","The sentiment of this review is positive. The reviewer describes the film as ""difficult"" but also ""absorbing,"" indicating that they found it engaging and satisfying. They also mention that the film manages to convey more substance than many others, which suggests that it has a strong message or theme. Overall, the language used in the review is positive and conveys a sense of satisfaction with the film's quality."
validation-59,3.123,88,28.18,0.888,positive,"Review: not since japanese filmmaker akira kurosawa 's ran have the savagery of combat and the specter of death been visualized with such operatic grandeur . 
Is the sentiment positive or negative?","The sentiment of this review is positive. The reviewer describes the violence and grandeur of Japanese cinema as ""not since Japanese filmmaker Akira Kurosawa's run have the savagery of combat and the specter of death been visualized with such operatic grandeur."" This suggests that the reviewer has had a highly favorable experience with the film, and they would describe it as one of the most visually stunning and powerful films ever made."
validation-60,2.362,82,34.72,0.889,negative,"Review: it 's not that kung pow is n't funny some of the time -- it just is n't any funnier than bad martial arts movies are all by themselves , without all oedekerk 's impish augmentation . 
Is the sentiment positive or negative?","The sentiment of the review is negative. The reviewer expresses dissatisfaction with the film ""Kung Pow,"" stating that it is not funny at all, and that it is not any funnier than other martial arts movies. They also mention the use of ""impish augmentation"" as an example of overuse of humor in the film. Overall, the reviewer feels that ""Kung Pow"" is not worth watching."
validation-61,2.017,79,39.17,0.886,negative,"Review: feels too formulaic and too familiar to produce the transgressive thrills of early underground work . 
Is the sentiment positive or negative?","The sentiment of this review is negative. The reviewer expresses dissatisfaction with the film's formulaic and familiarity, describing it as feeling ""too formulaic"" and ""too familiar."" They also mention that the film lacks ""transgressive thrills,"" which suggests that they did not find it exciting or original. Overall, the reviewer believes that the film does not meet their expectations for its style and substance."
validation-62,2.271,79,34.78,0.886,positive,"Review: deliriously funny , fast and loose , accessible to the uninitiated , and full of surprises 
Is the sentiment positive or negative?","The sentiment of this review is positive. The reviewer describes the film as ""deliriously funny,"" ""fast and loose,"" and ""accessible to the uninitiated."" They also mention that it has ""full of surprises,"" which suggests that they found the humor to be unexpected and enjoyable. Overall, the language used in the review is enthusiastic and descriptive, indicating a positive opinion of the film."
validation-63,1.861,58,31.17,0.885,negative,"Review: it showcases carvey 's talent for voices , but not nearly enough and not without taxing every drop of one 's patience to get to the good stuff . 
Is the sentiment positive or negative?","The sentiment of this review is negative. The reviewer expresses dissatisfaction with the quality of Carvey's voice, stating that it is not sufficient and requires constant effort to get to the good stuff. They also mention that they found the experience to be tiring, which further emphasizes their negative opinion."
validation-64,2.478,82,33.10,0.888,negative,"Review: too restrained to be a freak show , too mercenary and obvious to be cerebral , too dull and pretentious to be engaging ... the isle defies an easy categorization . 
Is the sentiment positive or negative?","The sentiment of this review is negative. The reviewer describes the movie as ""too restrained"" (too controlled), ""too mercenary"" (too focused on violence and action), ""too dull"" (not engaging) and ""too pretentious"" (obtaining a high level of sophistication). These phrases indicate that the reviewer found the movie to be uninteresting, unengaging, and not well-made."
validation-65,1.389,51,36.71,0.884,positive,"Review: for anyone unfamiliar with pentacostal practices in general and theatrical phenomenon of hell houses in particular , it 's an eye-opener . 
Is the sentiment positive or negative?","The sentiment of this review is generally positive. The reviewer describes pentacostal practices as ""an eye-opener,"" which suggests that they found them interesting or informative. They also mention that the experience was particularly impactful, which further emphasizes their positive opinion."
validation-66,2.657,103,38.77,0.889,positive,"Review: ... a story we have n't seen on the big screen before , and it 's a story that we as americans , and human beings , should know . 
Is the sentiment positive or negative?","The sentiment of this review is positive. The reviewer describes the movie ""A Story We Have Notseen On the Big Screen Before"" as a ""story that we Americans, and human beings, should know."" This suggests that they find the film to be engaging, informative, and thought-provoking, which are generally considered positive qualities in movies. Additionally, the use of the word ""should know"" implies that the reviewer believes the film has something important to share with their audience, which further supports the positive sentiment."
validation-67,1.952,61,31.25,0.885,positive,"Review: few films capture so perfectly the hopes and dreams of little boys on baseball fields as well as the grown men who sit in the stands . 
Is the sentiment positive or negative?","The sentiment of this review is positive. The reviewer describes several films that capture the hopes and dreams of young boys playing baseball, and notes that they also capture the experiences of grown men sitting in the stands. Overall, the language used to describe these films is enthusiastic and descriptive, which suggests a positive tone."
validation-68,2.963,87,29.36,0.887,positive,"Review: not since tom cruise in risky business has an actor made such a strong impression in his underwear . 
Is the sentiment positive or negative?","The sentiment of the review is generally positive. The reviewer describes Tom Cruise as ""an actor who has made such a strong impression in his underwear,"" which suggests that they have had a positive experience with him. Additionally, the use of the word ""impression"" implies that the reviewer found the performance to be highly engaging and memorable. Overall, the review seems to be praising Cruise's acting abilities and expressing a positive opinion about his work."
validation-69,1.355,47,34.69,0.882,negative,"Review: scores no points for originality , wit , or intelligence . 
Is the sentiment positive or negative?","The sentiment of this review is negative. The reviewer expresses dissatisfaction with the originality, wit, and intelligence of the product being reviewed. They feel that it lacks these qualities, which they believe contribute to its overall quality as a product."
validation-70,0.876,33,37.66,0.883,positive,"Review: it gets onto the screen just about as much of the novella as one could reasonably expect , and is engrossing and moving in its own right . 
Is the sentiment positive or negative?","The sentiment of this review is positive. The reviewer describes the novel as engaging, moving, and enjoyable, which suggests that they found it to be a good read."
validation-71,2.568,97,37.78,0.888,negative,"Review: velocity represents everything wrong with '' independent film '' as a commodified , sold-out concept on the american filmmaking scene . 
Is the sentiment positive or negative?","The sentiment of the review is negative. The reviewer expresses dissatisfaction with the idea that ""velocity"" represents everything wrong with ""independent film,"" and they criticize it as a "" commodified, sold-out concept."" They also mention that the film has become a ""sold-out concept"" on the American filmmaking scene, which further emphasizes their negative opinion about the product. Overall, the reviewer feels that ""velocity"" is not a good representation of the genre and does not meet their expectations."
validation-72,2.052,66,32.17,0.885,negative,"Review: the only excitement comes when the credits finally roll and you get to leave the theater . 
Is the sentiment positive or negative?","The sentiment of this review is generally positive. The reviewer expresses excitement at the end of the show, which suggests that they were looking forward to the end and enjoying the experience. They also mention that the only excitement comes when the credits roll and they get to leave the theater, which further emphasizes their positive feelings about the overall experience."
validation-73,2.233,70,31.34,0.886,negative,"Review: with the exception of some fleetingly amusing improvisations by cedric the entertainer as perry 's boss , there is n't a redeeming moment here . 
Is the sentiment positive or negative?","The sentiment of this review is negative. The reviewer expresses dissatisfaction with several aspects of the film, including the lack of a redeeming moment and the overall quality of the performances. They also mention that Cedric the Entertainer's performance is not particularly memorable. Overall, the review suggests that the film did not live up to the reviewer's expectations."
validation-74,2.655,102,38.41,0.888,negative,"Review: an overemphatic , would-be wacky , ultimately tedious sex farce . 
Is the sentiment positive or negative?","The sentiment of this review is negative. The reviewer uses phrases such as ""overemphatic,"" ""wacky,"" and ""endlessly tedious"" to describe the sex act, which they find to be ""farcical."" These phrases suggest that the reviewer found the experience to be uninteresting or unappetizing, and they express disappointment in the quality of the material. Overall, the language used in the review is critical and harsh, indicating that the reviewer had a negative experience with the sex act."
validation-75,2.265,91,40.17,0.887,negative,"Review: less dizzying than just dizzy , the jaunt is practically over before it begins . 
Is the sentiment positive or negative?","The sentiment of this review is generally positive. The reviewer describes the jaunt as ""basically over"" before it begins, which suggests that they had an enjoyable and fulfilling experience. They also mention that the experience was ""less dizzying than just dizzy,"" which further indicates that they were satisfied with the overall level of discomfort they experienced during the trip. Overall, the language used in the review is positive and conveys a sense of satisfaction with the experience."
validation-76,0.927,37,39.91,0.885,negative,"Review: samira makhmalbaf 's new film blackboards is much like the ethos of a stream of consciousness , although , it 's unfortunate for the viewer that the thoughts and reflections coming through are torpid and banal 
Is the sentiment positive or negative?","The sentiment of ""blackboards"" is negative. The reviewer describes the film as having ""torpid and banal thoughts and reflections,"" which suggests that the film lacks depth or substance."
validation-77,2.255,69,30.60,0.885,negative,"Review: instead of hiding pinocchio from critics , miramax should have hidden it from everyone . 
Is the sentiment positive or negative?","The sentiment of the review is negative. The reviewer expresses dissatisfaction with Miramax's decision to hide Pinocchio from critics, stating that they would rather see it ""hidden"" from everyone. This suggests that the reviewer believes that the film has failed to live up to their expectations and is not worth watching for those who may be interested in it."
validation-78,1.519,47,30.94,0.883,negative,"Review: in all , this is a watchable movie that 's not quite the memorable experience it might have been . 
Is the sentiment positive or negative?","The sentiment of the review is negative. The reviewer describes the movie as ""not quite the memorable experience"" and suggests that it could have been better. This indicates that they did not enjoy the movie and would not recommend it to others."
validation-79,2.216,76,34.30,0.885,negative,"Review: they should have called it gutterball . 
Is the sentiment positive or negative?","The sentiment of the review is negative. The reviewer expresses dissatisfaction with the name ""gutterball,"" suggesting that it is not a suitable name for the sport being described. They also mention that the team should have called it something else, which further emphasizes their disappointment. Overall, the review suggests that the team's name was not appropriate and did not accurately represent the sport being described."
validation-80,1.405,51,36.29,0.883,negative,"Review: i 'll bet the video game is a lot more fun than the film . 
Is the sentiment positive or negative?","The sentiment of the review is positive. The reviewer states that they ""will bet the video game is a lot more fun than the film,"" which suggests that they have a favorable opinion about the video game and believe it to be more enjoyable than the film."
validation-81,3.046,108,35.46,0.888,positive,"Review: it 's made with deftly unsettling genre flair . 
Is the sentiment positive or negative?","The sentiment of this review is generally positive. The reviewer describes the film as ""deftly unsettling"" and ""made with deftly unsettling genre flair,"" which suggests that they found the film to be engaging and disturbing in some way. The use of the word ""frightening"" also indicates a strong sense of unease or discomfort, which could be seen as a positive aspect of the film's style. Overall, the language used in the review is descriptive and evokes a strong sense of anticipation for what might be on offer."
validation-82,2.085,62,29.73,0.886,negative,"Review: the x potion gives the quickly named blossom , bubbles and buttercup supernatural powers that include extraordinary strength and laser-beam eyes , which unfortunately do n't enable them to discern flimsy screenplays . 
Is the sentiment positive or negative?","The sentiment of this review is negative. The reviewer describes the x potion as giving ""unrealistic"" abilities, such as ""bubbles and buttercup supernatural powers,"" which do not allow for ""flimsy screenplays."" They also mention that these powers do not work, indicating dissatisfaction with the product."
validation-83,1.470,43,29.24,0.882,negative,"Review: ... nothing scary here except for some awful acting and lame special effects . 
Is the sentiment positive or negative?","The sentiment of this review is negative. The reviewer describes the film as ""awful"" with ""ad之下ing acting"" and ""lame special effects,"" which suggests that they had a negative experience watching it."
validation-84,1.834,64,34.90,0.886,positive,"Review: there is nothing outstanding about this film , but it is good enough and will likely be appreciated most by sailors and folks who know their way around a submarine . 
Is the sentiment positive or negative?","The sentiment of the review is positive. The reviewer states that ""this film is good enough"" and ""will likely be appreciated most by sailors and folks who know their way around a submarine."" These phrases suggest that they have a favorable opinion of the film, which is generally considered to be a good quality in the genre."
validation-85,0.842,31,36.81,0.881,positive,"Review: if you dig on david mamet 's mind tricks ... rent this movie and enjoy ! 
Is the sentiment positive or negative?","The sentiment of the review is positive. The reviewer expresses enjoyment of David Mamet's mind tricks, suggesting that they found them entertaining and enjoyable to watch."
validation-86,3.754,135,35.97,0.892,positive,"Review: true tale of courage -- and complicity -- at auschwitz is a harrowing drama that tries to tell of the unspeakable . 
Is the sentiment positive or negative?","The sentiment of ""true tale of courage -- and complicity -- at Ausactory"" is generally positive. The book describes a harrowing story about the concentration camp in Germany during World War II, which is considered one of the most harrowing events in human history. The author uses vivid details and powerful storytelling to convey the emotions and experiences of those who were there, and the book's portrayal of the concentration camp as a place of extreme suffering and violence is widely respected by many. Overall, the book is a powerful and moving account of the human cost of war, and it serves as a reminder of the importance of empathy, compassion, and understanding when dealing with difficult situations."
validation-87,1.325,45,33.95,0.883,positive,"Review: zhang ... has done an amazing job of getting realistic performances from his mainly nonprofessional cast . 
Is the sentiment positive or negative?","The sentiment of the review is positive. The reviewer describes Zhang as ""amazing"" and ""did an amazing job,"" indicating that they were impressed with his ability to bring in realistic performances from his main non-professional cast."
validation-88,1.009,30,29.74,0.881,negative,"Review: i am sorry that i was unable to get the full brunt of the comedy . 
Is the sentiment positive or negative?","The sentiment of the review is negative. The reviewer expresses disappointment and frustration with not being able to fully enjoy the humor, which suggests a negative experience."
validation-89,1.623,53,32.65,0.884,negative,"Review: it can not be enjoyed , even on the level that one enjoys a bad slasher flick , primarily because it is dull . 
Is the sentiment positive or negative?","The sentiment of this review is negative. The reviewer expresses dissatisfaction with the film, stating that it cannot be enjoyed and only has a ""dull"" quality. This suggests that they did not find the film engaging or enjoyable, which is a common complaint about movies."
validation-90,3.314,125,37.72,0.892,positive,"Review: miller is playing so free with emotions , and the fact that children are hostages to fortune , that he makes the audience hostage to his swaggering affectation of seriousness . 
Is the sentiment positive or negative?","The sentiment of this review is generally positive. The reviewer describes Miller as ""playing so free with emotions,"" which suggests that he is engaging in a way that is not controlled by any particular emotion, such as fear or anxiety. Additionally, the reviewer notes that children are "" hostages to fortune"" and that Miller's swaggering affectation of seriousness is making them "" hostage to his swaggering affectation."" These phrases suggest that Miller is using his performance to create an impression of confidence and authority, which can be seen as a positive aspect of his work. Overall, the review seems to have a favorable opinion of Miller's performances."
validation-91,2.109,72,34.14,0.886,negative,"Review: not really bad so much as distasteful : we need kidnapping suspense dramas right now like we need doomsday thrillers . 
Is the sentiment positive or negative?","The sentiment of the review is negative. The reviewer expresses dissatisfaction with the lack of quality in the type of drama they are looking for, which is a form of kidnapping suspense. They also mention that they need more ""doomsday thrillers"" to keep them interested. Overall, the reviewer feels that the product being offered is not worth their time and money."
validation-92,2.546,78,30.63,0.886,negative,"Review: the director knows how to apply textural gloss , but his portrait of sex-as-war is strictly sitcom . 
Is the sentiment positive or negative?","The sentiment of this review is negative. The reviewer expresses dissatisfaction with the director's portrayal of sex as war, describing it as ""strict sitcom."" They also mention that the film lacks any visual or auditory elements that could make it more engaging for viewers. Overall, the reviewer feels that the film fails to capture the essence of sex and war in a way that would be enjoyable for most audiences."
validation-93,2.515,81,32.21,0.888,negative,"Review: ( t ) here 's only so much anyone can do with a florid , overplotted , anne rice rock 'n' roll vampire novel before the built-in silliness of the whole affair defeats them . 
Is the sentiment positive or negative?","The sentiment of the review is negative. The reviewer expresses disappointment that the author has created a ""florid"" and ""overplotted"" novel, which fails to meet their expectations. They also mention the ""anne Rice Rock 'n' Roll vampire novel,"" which they find to be ""built-in silliness."" Overall, the reviewer feels that the book is not worth reading due to its flaws."
validation-94,0.828,31,37.46,0.882,positive,"Review: it seems like i have been waiting my whole life for this movie and now i ca n't wait for the sequel . 
Is the sentiment positive or negative?","The sentiment of the review is positive. The reviewer expresses excitement about the anticipation they have for the sequel, indicating that they are looking forward to watching it."
validation-95,2.710,98,36.16,0.887,negative,"Review: rarely has so much money delivered so little entertainment . 
Is the sentiment positive or negative?","The sentiment of this review is negative. The reviewer expresses dissatisfaction with the amount of money being delivered and the lack of entertainment value. They use phrases such as ""rarely"" and ""little entertainment,"" indicating that they have had a poor experience overall. Additionally, the reviewer mentions feeling ""less satisfied"" with the delivery, which further emphasizes their negative opinion. Overall, the language used in the review suggests that the customer was not happy with their purchase and would not recommend it to others."
validation-96,3.959,130,32.84,0.892,positive,"Review: building slowly and subtly , the film , sporting a breezy spontaneity and realistically drawn characterizations , develops into a significant character study that is both moving and wise . 
Is the sentiment positive or negative?","The sentiment of this review is positive. The reviewer describes the film as ""building slowly and subtly,"" which suggests that it has a slow but steady progression, and that it is not rushed or急于 to achieve its goals. The reviewer also notes that the film has a ""breezy spontaneity"" and that it is ""realistically drawn characterizations,"" which suggests that the film is well-developed and engaging. Finally, the reviewer describes the film as ""a significant character study that is both moving and wise,"" which further emphasizes the positive sentiment. Overall, the review seems to be praising the film for its quality and depth of character development."
validation-97,2.569,87,33.87,0.888,negative,"Review: though moonlight mile is replete with acclaimed actors and actresses and tackles a subject that 's potentially moving , the movie is too predictable and too self-conscious to reach a level of high drama . 
Is the sentiment positive or negative?","The sentiment of this review is negative. The reviewer expresses dissatisfaction with the movie ""Moonlight Mile,"" stating that it lacks depth, complexity, and emotional resonance. They also mention that the movie feels too predictable and self-conscious, which could be seen as a criticism of its own shortcomings. Overall, the reviewer believes that ""Moonlight Mile"" fails to live up to its potential and leaves viewers feeling unengaged and unfulfilled."
validation-98,1.817,69,37.97,0.885,negative,"Review: offers very little genuine romance and even fewer laughs ... a sad sitcom of a movie , largely devoid of charm . 
Is the sentiment positive or negative?","The sentiment of this review is negative. The reviewer describes the film as ""sad"" and ""unrealistic,"" which suggests that they did not find it to be enjoyable. They also mention that the humor is few, and that the film lacks genuine romance. Overall, the reviewer feels that the film was lacking in both quality and entertainment value."
validation-99,2.218,86,38.78,0.887,positive,"Review: uses sharp humor and insight into human nature to examine class conflict , adolescent yearning , the roots of friendship and sexual identity . 
Is the sentiment positive or negative?","The sentiment of this review is generally positive. The reviewer uses sharp humor and insight into human nature to examine various topics, including class conflict, adolescent yearning, the roots of friendship, and sexual identity. They also mention that these topics are important issues that can be addressed through education and understanding. Overall, the review suggests that the author has a good grasp of the subject matter and provides valuable insights into the complexities of human relationships."
